time,pleiades_120hz,drum_60hz,resonance
0.000,0.000000,0.000000,0.000000
0.001,0.075336,0.376158,0.028337
0.002,0.149765,0.740951,0.110938
0.003,0.222521,1.080604,0.240472
...